{
    "avg_prec": 0.5306408259173431,
    "roc_auc": 0.9596948537513263
}